ObsId,RA,DEC,THETA,POS_ERR,SIGNIFICANCE,gaia_match,archival_match,chandra_match,erosita_match,ned_match,simbad_match,vizier_match,xray-binaries_match
28964,244.71666778935645,-1.9917586366433389,6.123377972479414,0.4046336859742479,6.603705406188965,no,no,no,no,no,unknown,no,no
30892,192.7427024418438,-6.568776780279981,9.218607546902582,0.9101626314816416,11.262083053588867,no,no,no,no,no,unknown,no,no
18927,83.8739415926579,-4.997375920735759,0.22559062712340072,0.13865891257770357,11.376157760620117,no,no,no,no,no,unknown,no,no
29128,83.8332980619142,-5.420580788287805,1.677632142848779,0.13513216863503347,17.386167526245117,no,no,no,no,no,unknown,no,no
1463,24.68359814315369,8.708503181552839,1.7834521471688551,0.22759985940267585,9.695898056030273,no,no,no,no,no,unknown,no,no



