obsid,time_center_s,time_halfwidth_s,soft_counts,hard_counts,total_counts,flux_erg_cm2_s,flux_err,HR,HR_err
30892,860542012.448239,81.35265481472015,2,5,7,2.584580681218956e-13,9.768796751267523e-14,0.42857142857142855,0.34149388838125533
30892,860542175.1535487,81.3526548743248,2,1,3,1.1076774339965622e-13,6.395178646931891e-14,-0.3333333333333333,0.5443310539518174
30892,860542337.8588583,81.3526548743248,0,2,2,7.384516226643746e-14,5.2216414996418905e-14,1.0,0.0
30892,860542500.5641681,81.35265481472015,2,4,6,2.2153548696162478e-13,9.044148382916273e-14,0.3333333333333333,0.3849001794597505
30892,860542663.2694777,81.35265481472015,1,2,3,1.1076774348081239e-13,6.395178651617446e-14,0.3333333333333333,0.5443310539518174
30892,860543314.0907165,81.35265481472015,1,0,1,3.6922581160270804e-14,3.6922581160270804e-14,-1.0,0.0
