obsid,time_center_s,time_halfwidth_s,soft_counts,hard_counts,total_counts,flux_erg_cm2_s,flux_err,HR,HR_err
29128,819639113.0355761,55.439456045627594,1,1,2,1.0836145280819003e-13,7.662311809989722e-14,0.0,0.7071067811865476
29128,819639223.9144882,55.43945610523224,0,1,1,5.418072634584366e-14,5.418072634584366e-14,1.0,0.0
29128,819639334.7934004,55.43945610523224,1,1,2,1.0836145269168732e-13,7.662311801751738e-14,0.0,0.7071067811865476
29128,819639445.6723125,55.439456045627594,1,3,4,2.1672290561638005e-13,1.0836145280819003e-13,0.5,0.4330127018922193
29128,819639556.5512247,55.439456045627594,0,3,3,1.6254217921228504e-13,9.384377092288116e-14,1.0,0.0
29128,819639667.4301368,55.43945610523224,0,4,4,2.1672290538337465e-13,1.0836145269168732e-13,1.0,0.0
29128,819639889.1879611,55.439456045627594,1,4,5,2.7090363202047513e-13,1.2115178730987421e-13,0.6,0.35777087639996635
29128,819640110.9457854,55.43945610523224,0,1,1,5.418072634584366e-14,5.418072634584366e-14,1.0,0.0
