obsid,time_center_s,time_halfwidth_s,soft_counts,hard_counts,total_counts,flux_erg_cm2_s,flux_err,HR,HR_err
18927,629536859.6905193,293.0593526959419,0,1,1,1.0249630228032624e-14,1.0249630228032624e-14,1.0,0.0
18927,629538031.9279304,293.0593526959419,0,3,3,3.0748890684097867e-14,1.775288031374628e-14,1.0,0.0
18927,629538618.0466357,293.05935275554657,0,1,1,1.0249630225947976e-14,1.0249630225947976e-14,1.0,0.0
18927,629539204.1653411,293.0593526959419,0,1,1,1.0249630228032624e-14,1.0249630228032624e-14,1.0,0.0
18927,629540376.402752,293.05935275554657,0,2,2,2.049926045189595e-14,1.4495166074844836e-14,1.0,0.0
18927,629541548.640163,293.05935275554657,0,2,2,2.049926045189595e-14,1.4495166074844836e-14,1.0,0.0
