obsid,time_center_s,time_halfwidth_s,soft_counts,hard_counts,total_counts,flux_erg_cm2_s,flux_err,HR,HR_err
28964,813228541.0354486,136.54100781679153,1,0,1,2.1998885521852766e-14,2.1998885521852766e-14,-1.0,0.0
28964,813229087.1994798,136.54100781679153,0,1,1,2.1998885521852766e-14,2.1998885521852766e-14,1.0,0.0
28964,813229360.2814953,136.5410077571869,1,1,2,4.3997771062912004e-14,3.111112227567833e-14,0.0,0.7071067811865476
28964,813229633.3635108,136.54100781679153,1,0,1,2.1998885521852766e-14,2.1998885521852766e-14,-1.0,0.0
28964,813230452.6095576,136.54100781679153,2,1,3,6.59966565655583e-14,3.8103187433740354e-14,-0.3333333333333333,0.5443310539518174
28964,813230725.6915733,136.5410077571869,0,1,1,2.1998885531456002e-14,2.1998885531456002e-14,1.0,0.0
28964,813230998.7735889,136.54100781679153,0,1,1,2.1998885521852766e-14,2.1998885521852766e-14,1.0,0.0
