obsid,time_center_s,time_halfwidth_s,hard_counts,soft_counts,HR,HR_err
18927,629536859.6905193,293.0593526959419,1,0,1.0,0.0
18927,629538031.9279304,293.0593526959419,3,0,1.0,0.0
18927,629538618.0466357,293.05935275554657,1,0,1.0,0.0
18927,629539204.1653411,293.0593526959419,1,0,1.0,0.0
18927,629540376.402752,293.05935275554657,2,0,1.0,0.0
18927,629541548.640163,293.05935275554657,2,0,1.0,0.0
