obsid,time_center_s,time_halfwidth_s,hard_counts,soft_counts,HR,HR_err
28964,813228541.0354486,136.54100781679153,0,1,-1.0,0.0
28964,813229087.1994798,136.54100781679153,1,0,1.0,0.0
28964,813229360.2814953,136.5410077571869,1,1,0.0,0.7071067811865476
28964,813229633.3635108,136.54100781679153,0,1,-1.0,0.0
28964,813230452.6095576,136.54100781679153,1,2,-0.3333333333333333,0.5443310539518174
28964,813230725.6915733,136.5410077571869,1,0,1.0,0.0
28964,813230998.7735889,136.54100781679153,1,0,1.0,0.0
