obsid,time_center_s,time_halfwidth_s,hard_counts,soft_counts,HR,HR_err
29128,819639113.0355761,55.439456045627594,1,1,0.0,0.7071067811865476
29128,819639223.9144882,55.43945610523224,1,0,1.0,0.0
29128,819639334.7934004,55.43945610523224,1,1,0.0,0.7071067811865476
29128,819639445.6723125,55.439456045627594,3,1,0.5,0.4330127018922193
29128,819639556.5512247,55.439456045627594,3,0,1.0,0.0
29128,819639667.4301368,55.43945610523224,4,0,1.0,0.0
29128,819639889.1879611,55.439456045627594,4,1,0.6,0.35777087639996635
29128,819640110.9457854,55.43945610523224,1,0,1.0,0.0
