obsid,time_center_s,time_halfwidth_s,hard_counts,soft_counts,HR,HR_err
30892,860542012.448239,81.35265481472015,5,2,0.42857142857142855,0.34149388838125533
30892,860542175.1535487,81.3526548743248,1,2,-0.3333333333333333,0.5443310539518174
30892,860542337.8588583,81.3526548743248,2,0,1.0,0.0
30892,860542500.5641681,81.35265481472015,4,2,0.3333333333333333,0.3849001794597505
30892,860542663.2694777,81.35265481472015,2,1,0.3333333333333333,0.5443310539518174
30892,860543314.0907165,81.35265481472015,0,1,-1.0,0.0
