ObsID,src_counts,bkg_counts,net_counts,exposure_s,count_rate,flux_ergcm2s,fluence_ergcm2
30892,23.0,2.0,21.0,1627.0530968904495,0.012906769938936998,7.753742040816403e-14,1.2615750000000004e-10
